id,name ,read,pattern,sequence,feature_type
B220,B220_TotalA,R2,^(BC),CCTACACCTCATAAT,Antibody Capture
CD199,CD199_TotalA,R2,^(BC),ATTCCTCATTCCTGA,Antibody Capture
CD115,CD115_TotalA,R2,^(BC),TTCCGTTGTTGTGAG,Antibody Capture
CD11b,CD11b_TotalA,R2,^(BC),TGAAGGCTCATTTGT,Antibody Capture
CD11c,CD11c_TotalA,R2,^(BC),GTTATGGACGCTTGC,Antibody Capture
CD127,CD127_TotalA,R2,^(BC),GTGTGAGGCACTCTT,Antibody Capture
CD135,CD135_TotalA,R2,^(BC),GTAGCAAGATTCAAG,Antibody Capture
CD14,CD14_TotalA,R2,^(BC),AACCAACAGTCACGT,Antibody Capture
CD150,CD150_TotalA,R2,^(BC),CAACGCCTAGAAACC,Antibody Capture
CD16_32,CD16_32_TotalA,R2,^(BC),TTCGATGCTGGAGCA,Antibody Capture
CD3,CD3_TotalA,R2,^(BC),GTATGTCCGCTCGAT,Antibody Capture
CD34,CD34_TotalA,R2,^(BC),GATTCCTTTACGAGC,Antibody Capture
CD49d,CD49d_TotalA,R2,^(BC),AACAAGACCCTTGAG,Antibody Capture
CD41,CD41_TotalA,R2,^(BC),ACTTGGATGGACACT,Antibody Capture
CD48,CD48_TotalA,R2,^(BC),AGAACCGCCGTAGTT,Antibody Capture
CD62L,CD62L_TotalA,R2,^(BC),TGGGCCTAAGTCATC,Antibody Capture
CD71,CD71_TotalA,R2,^(BC),ACCGACCAGTAGACA,Antibody Capture
CD8,CD8_TotalA,R2,^(BC),TACCCGTAATAGCGT,Antibody Capture
CD117,CD117_TotalA,R2,^(BC),TGCATGTCATCGGTG,Antibody Capture
CX3CR1,CX3CR1_TotalA,R2,^(BC),CACTCTCAGTCCTAT,Antibody Capture
CD201,CD201_TotalA,R2,^(BC),TATGATCTGCCCTTG,Antibody Capture
Ly6C,Ly6C_TotalA,R2,^(BC),AAGTCGTGAGGCATG,Antibody Capture
Ly6G,Ly6G_TotalA,R2,^(BC),ACATTGACGCAACTA,Antibody Capture
NK1.1,NK1.1_TotalA,R2,^(BC),GTAACATTACTCGTC,Antibody Capture
Sca-1,Sca-1_TotalA,R2,^(BC),TTCCTTTCCTACGCA,Antibody Capture
CD105,CD105_TotalA,R2,^(BC),TATCCCTGCCTTGCA,Antibody Capture
isotype_ctrl,isotype_ctrl_TotalA,R2,^(BC),AAGTCAGGTTCGTTT,Antibody Capture
HTO1,HTO1_TotalA,R2,^(BC),ACCCACCAGTAAGAC,Antibody Capture
HTO2,HTO2_TotalA,R2,^(BC),GGTCGAGAGCATTCA,Antibody Capture
HTO3,HTO3_TotalA,R2,^(BC),CTTGCCGCATGTCAT,Antibody Capture
HTO4,HTO4_TotalA,R2,^(BC),AAAGCATTCTTCACG,Antibody Capture
HTO5,HTO5_TotalA,R2,^(BC),CTTTGTCTTTGTGAG,Antibody Capture
HTO6,HTO6_TotalA,R2,^(BC),TATGCTGCCACGGTA,Antibody Capture
